{"cameraMode":{"drawMode":0,"name":"Shaded","section":"Shading Mode"},"sceneLighting":true,"audioPlay":false,"sceneViewState":{"showFog":true,"showMaterialUpdate":true,"showSkybox":true,"showFlares":true,"showImageEffects":true,"showParticleSystems":true},"in2DMode":false,"pivot":{"x":-7.212496757507324,"y":-0.9602651596069336,"z":1.9347190856933594},"rotation":{"x":-0.14001433551311494,"y":0.5157440900802612,"z":-0.08587856590747833,"w":-0.8408501148223877},"size":10.041725158691407,"orthographic":false}